ID,Title,URL,Company,Location,Type,Post Date,Benefits
3999964455,"Hospitality Event Coordinator, Global Sports & Entertainment Hospitality",https://www.linkedin.com/jobs/view/3999964455,Amazon Web Services (AWS),"Seattle, WA",Full-time,2024-09-03 09:48:15 +0000 UTC,$54.4K/yr - $116.3K/yr
3932327736,Logistics Associate (Entry Level),https://www.linkedin.com/jobs/view/3932327736,Amazon Web Services (AWS),"Orly, Île-de-France, France",Full-time,2024-08-25 09:50:07 +0000 UTC,
4017267486,Executive Assistant,https://www.linkedin.com/jobs/view/4017267486,Amazon Web Services (AWS),Los Angeles Metropolitan Area,Full-time,2024-09-05 10:17:29 +0000 UTC,$66.8K/yr - $142.8K/yr
3978651975,"Logistics Specialist, DCC Communities",https://www.linkedin.com/jobs/view/3978651975,Amazon Web Services (AWS),"Cape Town, Western Cape, South Africa",Full-time,2024-08-29 09:45:21 +0000 UTC,
4021532975,"Data Center Technician Internship, Data Center Operations",https://www.linkedin.com/jobs/view/4021532975,Amazon Web Services (AWS),"Cape Town, Western Cape, South Africa",Full-time,2024-09-09 14:59:21 +0000 UTC,
4001825531,Sales Development Rep/Inside Sales - Federal,https://www.linkedin.com/jobs/view/4001825531,Amazon Web Services (AWS),"Arlington, VA",Full-time,2024-09-05 09:48:25 +0000 UTC,
3944152300,"Design Data Entry PM, DE Electrical",https://www.linkedin.com/jobs/view/3944152300,Amazon Web Services (AWS),"Austin, TX",Full-time,2024-09-02 09:49:08 +0000 UTC,$50.1K/yr - $107.2K/yr
4022483265,"POST Tech Services Specialist, Marketplace Variable",https://www.linkedin.com/jobs/view/4022483265,Amazon Web Services (AWS),"Seattle, WA",Full-time,2024-09-10 23:42:31 +0000 UTC,$55.8K/yr - $124.8K/yr
3877286890,Data Center Operator Intern,https://www.linkedin.com/jobs/view/3877286890,Amazon Web Services (AWS),"Querétaro, Querétaro, Mexico",Full-time,2024-09-06 09:45:46 +0000 UTC,
4004443703,"Business Development Representative - Russian or Ukrainian Speaker, Demand Generation",https://www.linkedin.com/jobs/view/4004443703,Amazon Web Services (AWS),"London, England, United Kingdom",Full-time,2024-09-11 09:46:14 +0000 UTC,
4017267293,"Logistics Specialist, DCC Communities",https://www.linkedin.com/jobs/view/4017267293,Amazon Web Services (AWS),"Seattle, WA",Full-time,2024-09-05 10:17:29 +0000 UTC,$39.3K/yr - $84K/yr
4020928405,"Startup Operations Associate, Startup ACE Ops & PMO",https://www.linkedin.com/jobs/view/4020928405,Amazon Web Services (AWS),"Seattle, WA",Full-time,2024-09-08 20:46:20 +0000 UTC,$46.6K/yr - $104.2K/yr
4000949069,Regional Colo Document Controller,https://www.linkedin.com/jobs/view/4000949069,Amazon Web Services (AWS),"London, England, United Kingdom",Full-time,2024-09-04 09:48:22 +0000 UTC,
3991788490,"Global Account Manager, Energy",https://www.linkedin.com/jobs/view/3991788490,Amazon Web Services (AWS),"Rome, Latium, Italy",Full-time,2024-08-24 09:50:03 +0000 UTC,
4020064271,"Account Manager (part-time), Media/Entertainment/Games/Sports (MEGS)",https://www.linkedin.com/jobs/view/4020064271,Amazon Web Services (AWS),"Puerto Rico, Pando, Bolivia",Full-time,2024-09-07 14:36:09 +0000 UTC,
4022762643,"Customer Support Specialist, AWS Private Pricing Program, 3PX, Private Pricing Programs and Experiences",https://www.linkedin.com/jobs/view/4022762643,Amazon Web Services (AWS),"Atlanta, GA",Full-time,2024-09-11 05:48:35 +0000 UTC,$83.1K/yr - $177.8K/yr
3982312631,"Logistics Manager, Data Centre Community",https://www.linkedin.com/jobs/view/3982312631,Amazon Web Services (AWS),"London, England, United Kingdom",Full-time,2024-09-03 09:47:51 +0000 UTC,
3989256186,"Recruitment Coordinator, AWS Talent Acquisition",https://www.linkedin.com/jobs/view/3989256186,Amazon Web Services (AWS),"Seoul, Seoul, South Korea",Full-time,2024-09-13 09:53:12 +0000 UTC,
3980258720,"Regional Environmental Engineer, AWS Environmental, AWS Environmental",https://www.linkedin.com/jobs/view/3980258720,Amazon Web Services (AWS),"Dublin, County Dublin, Ireland",Full-time,2024-08-31 09:43:55 +0000 UTC,
4011650544,"Event Marketing Specialist, AMER Customer, Industry, and Partner Marketing",https://www.linkedin.com/jobs/view/4011650544,Amazon Web Services (AWS),"Chicago, IL",Full-time,2024-08-30 15:35:54 +0000 UTC,$54.4K/yr - $116.3K/yr
4011746128,"Sales Operations Specialist, Business Optimization & Sales Support (BOSS)",https://www.linkedin.com/jobs/view/4011746128,Amazon Web Services (AWS),"Boston, MA",Full-time,2024-08-28 02:04:44 +0000 UTC,$79.3K/yr - $169.5K/yr
4001825622,Lead Development Representative,https://www.linkedin.com/jobs/view/4001825622,Amazon Web Services (AWS),"Austin, TX",Full-time,2024-09-05 09:44:36 +0000 UTC,
4001894196,"Partner Sales Manager, Energy, Energy & Utilities - Partner",https://www.linkedin.com/jobs/view/4001894196,Amazon Web Services (AWS),"Madrid, Community of Madrid, Spain",Full-time,2024-09-05 09:49:21 +0000 UTC,
4007354172,"Logistics Associate Trainee, SYD Logistics",https://www.linkedin.com/jobs/view/4007354172,Amazon Web Services (AWS),"Sydney, New South Wales, Australia",Full-time,2024-09-13 09:49:19 +0000 UTC,
4004442796,"Business Development Representative - Russian or Ukrainian Speaker, Demand Generation",https://www.linkedin.com/jobs/view/4004442796,Amazon Web Services (AWS),"Madrid, Community of Madrid, Spain",Full-time,2024-09-11 09:48:32 +0000 UTC,
